{
  "Veselyy_Podil": {
    "Hadyach": 97.72779923136926,
    "Zolotonosha": 89.79375579325624,
    "Konotop": 180.23275537806083,
    "Lebedyn": 137.46243951105276,
    "Lubny": 45.936696190786016,
    "Nizhyn": 186.97631754513426,
    "Pryluky": 124.3242594180797,
    "Romny": 128.5617209656276,
    "Sumy": 179.90997344805461,
    "Yahotyn": 124.88945344328866
  },
  "Hadyach": {
    "Veselyy_Podil": 97.72779923136926,
    "Zolotonosha": 159.41647161226422,
    "Konotop": 111.0532784270827,
    "Lebedyn": 42.4907383257718,
    "Lubny": 79.96634700439175,
    "Nizhyn": 166.2859561652601,
    "Pryluky": 115.95390266844024,
    "Romny": 58.220957717438694,
    "Sumy": 83.18668343151337,
    "Yahotyn": 156.22605798169437
  },
  "Zolotonosha": {
    "Veselyy_Podil": 89.79375579325624,
    "Hadyach": 159.41647161226422,
    "Konotop": 192.56782022183378,
    "Lebedyn": 201.75180887231372,
    "Lubny": 79.61228023350749,
    "Nizhyn": 152.37228040472203,
    "Pryluky": 103.18872874557937,
    "Romny": 158.00766595083056,
    "Sumy": 239.85703761629125,
    "Yahotyn": 62.290119275358336
  },
  "Konotop": {
    "Veselyy_Podil": 180.23275537806083,
    "Hadyach": 111.0532784270827,
    "Zolotonosha": 192.56782022183378,
    "Lebedyn": 115.78713769358254,
    "Lubny": 138.54212905990678,
    "Nizhyn": 95.25574854755787,
    "Pryluky": 93.63317839648967,
    "Romny": 54.978849984494516,
    "Sumy": 117.53669208050054,
    "Yahotyn": 150.76772275195387
  },
  "Lebedyn": {
    "Veselyy_Podil": 137.46243951105276,
    "Hadyach": 42.4907383257718,
    "Zolotonosha": 201.75180887231372,
    "Konotop": 115.78713769358254,
    "Lubny": 122.42060508113238,
    "Nizhyn": 190.39728945044254,
    "Pryluky": 148.73703343097648,
    "Romny": 75.81264639507489,
    "Sumy": 42.7584703919903,
    "Yahotyn": 194.6964585616264
  },
  "Lubny": {
    "Veselyy_Podil": 45.936696190786016,
    "Hadyach": 79.96634700439175,
    "Zolotonosha": 79.61228023350749,
    "Konotop": 138.54212905990678,
    "Lebedyn": 122.42060508113238,
    "Nizhyn": 141.69775669296217,
    "Pryluky": 79.00867111760843,
    "Romny": 90.94765972263072,
    "Sumy": 161.6425264755664,
    "Yahotyn": 90.63386205291718
  },
  "Nizhyn": {
    "Veselyy_Podil": 186.97631754513426,
    "Hadyach": 166.2859561652601,
    "Zolotonosha": 152.37228040472203,
    "Konotop": 95.25574854755787,
    "Lebedyn": 190.39728945044254,
    "Lubny": 141.69775669296217,
    "Pryluky": 62.70190142746848,
    "Romny": 114.58569312978211,
    "Sumy": 205.49514742734598,
    "Yahotyn": 92.11485681366986
  },
  "Pryluky": {
    "Veselyy_Podil": 124.3242594180797,
    "Hadyach": 115.95390266844024,
    "Zolotonosha": 103.18872874557937,
    "Konotop": 93.63317839648967,
    "Lebedyn": 148.73703343097648,
    "Lubny": 79.00867111760843,
    "Nizhyn": 62.70190142746848,
    "Romny": 78.53189962708618,
    "Sumy": 174.52366914797344,
    "Yahotyn": 57.481420181905236
  },
  "Romny": {
    "Veselyy_Podil": 128.5617209656276,
    "Hadyach": 58.220957717438694,
    "Zolotonosha": 158.00766595083056,
    "Konotop": 54.978849984494516,
    "Lebedyn": 75.81264639507489,
    "Lubny": 90.94765972263072,
    "Nizhyn": 114.58569312978211,
    "Pryluky": 78.53189962708618,
    "Sumy": 96.19533391888048,
    "Yahotyn": 132.09649966724038
  },
  "Sumy": {
    "Veselyy_Podil": 179.90997344805461,
    "Hadyach": 83.18668343151337,
    "Zolotonosha": 239.85703761629125,
    "Konotop": 117.53669208050054,
    "Lebedyn": 42.7584703919903,
    "Lubny": 161.6425264755664,
    "Nizhyn": 205.49514742734598,
    "Pryluky": 174.52366914797344,
    "Romny": 96.19533391888048,
    "Yahotyn": 225.7555315932946
  },
  "Yahotyn": {
    "Veselyy_Podil": 124.88945344328866,
    "Hadyach": 156.22605798169437,
    "Zolotonosha": 62.290119275358336,
    "Konotop": 150.76772275195387,
    "Lebedyn": 194.6964585616264,
    "Lubny": 90.63386205291718,
    "Nizhyn": 92.11485681366986,
    "Pryluky": 57.481420181905236,
    "Romny": 132.09649966724038,
    "Sumy": 225.7555315932946
  }
}